"한빛미디어","실리콘밸리 리더십","마이클 롭","2021-08-01","22000"
"한빛미디어","처음 시작하는 마이크로서비스","로니 미트라 외 1명","2021-08-01","27000"
"한빛비즈","눈 떠보니 선진국","박태웅","2021-08-01","16500"
"한빛미디어","텐서플로 라이트를 활용한 안드로이드 딥러닝","임태규","2021-08-01","27000"
"한빛미디어","회사에서 바로 통하는 오토캐드 AutoCAD 2022","심미현","2021-07-28","28000"
"한빛비즈","5리터의 피","로즈 조지","2021-07-27","25000"
"한빛비즈","미국주식 스팩투자법","리차드(이명진)","2021-07-26","18500"
"한빛에듀","재미있고 빠른 숫자 쓰기 1권 : 0부터 50까지","한빛학습연구회","2021-07-26","7500"
"한빛에듀","재미있고 빠른 숫자 쓰기 2권 : 0부터 100까지","한빛학습연구회","2021-07-26","7500"
"한빛에듀","재미있고 빠른 알파벳 쓰기","한빛학습연구회","2021-07-26","7500"
"한빛미디어","이기적이라 살아남았습니다","이마이즈미 다다아키","2021-07-20","13800"
"한빛아카데미","비즈니스 애널리틱스","Sanjiv Jaggia 외 3명","2021-07-20","38000"
"한빛미디어","스벨트 앤 새퍼 인 액션","마크 볼크먼","2021-07-19","38000"
"한빛아카데미","STEM CookBook, 문제 해결력을 키우는 정역학","오충석","2021-07-16","30000"
"한빛아카데미","최신 관리회계","정재권 외 2명","2021-07-10","28000"
"한빛미디어","리눅스 입문자를 위한 명령어 사전","가와구치 히로시 외 2명","2021-07-07","32000"
"한빛비즈","파타고니아 이야기","이본 쉬나드","2021-07-07","55000"
"한빛미디어","풀스택 서버리스 : 리액트, AWS, 그래프QL을 이용한 최신 애플리케이션 개발","네이더 다빗","2021-07-05","21000"
"한빛라이프","한 권으로 배우는 작고 예쁜 꽃자수","장미나(미나랜드)","2021-07-05","18000"
"한빛아카데미","IT CookBook, 처음 만나는 회로이론(2판)","방성완","2021-07-02","23000"
"한빛아카데미","안전필수 시스템 제어 설계","김국헌 외 2명","2021-07-02","38000"
"한빛미디어","러닝 리액트(2판)","알렉스 뱅크스 외 1명","2021-07-01","28000"
"한빛미디어","업무에 바로 쓰는 SQL 튜닝","양바른","2021-07-01","22000"
"한빛미디어","데이터 스토리","낸시 두아르테","2021-07-01","22000"
"한빛비즈","상식의 재구성","조선희","2021-07-01","22000"
"한빛미디어","처음 배우는 네트워크 보안","장상근(맥스)","2021-06-30","28000"
"한빛에듀","찾아도 찾아도 끝판왕 1000개 숨은그림찾기 우리 동네","자나 컬","2021-06-30","8000"
"한빛에듀","찾아도 찾아도 끝판왕 1000개 숨은그림찾기 숲속 놀이터","클레어 스탬퍼","2021-06-30","8000"
"한빛아카데미","IT CookBook, 디지털 콘텐츠 기획(2판)","김성은","2021-06-30","30000"
"한빛아카데미","IT CookBook, C로 배우는 쉬운 자료구조(4판)","이지영","2021-06-30","29000"
"한빛아카데미","IT CookBook, 쉽게 배우는 소프트웨어 공학(2판)","김치수","2021-06-30","30000"
"한빛아카데미","IT CookBook, 컴퓨터 구조와 원리 3.0","신종홍","2021-06-30","29000"
"한빛아카데미","IT CookBook, 최신 기술 동향으로 알아보는 ICT와 4차 산업혁명","김용태 외 2명","2021-06-28","24000"
"한빛미디어","초보 판매자가 빅파워셀러로 거듭나는 네이버 스마트스토어 마케팅 시작하기","정진수","2021-06-28","17800"
"한빛아카데미","STEM CookBook, 한 걸음씩 알아가는 선형대수학","Kuldeep Singh","2021-06-28","32000"
"한빛아카데미","STEM CookBook, 해석학 첫걸음","스티븐 애벗(Stephen Abbott)","2021-06-28","26000"
"한빛아카데미","IT CookBook, 난생처음 파이썬 프로그래밍","우재남 외 1명","2021-06-28","24000"
"한빛아카데미","IT CookBook, 정보 보안 개론(4판)","양대일","2021-06-28","30000"
"한빛미디어","세상에서 제일 친절한 엑셀(개정판)","박재영","2021-06-25","18000"
"한빛비즈","게임세대 내 아이와 소통하는 법","이장주","2021-06-25","16000"
"한빛라이프","고개를 끄덕이는 것만으로도 위로가 되니까","문지애","2021-06-21","15000"
"한빛아카데미","IT CookBook, 익스플로링 아두이노(2판)","JEREMY BLUM","2021-06-21","32000"
"한빛아카데미","IT CookBook, 난생처음 인공지능 입문","서지영","2021-06-18","25000"
"한빛아카데미","제대로 작성하는 논문 : 시작부터 마무리까지","노경섭 외 1명","2021-06-14","20000"
"한빛미디어","회사에서 바로 통하는 실무 엑셀 함수&수식 - 모든 버전용","김경자 외 1명","2021-06-11","24000"
"한빛라이프","지리의 쓸모","전국지리교사모임","2021-06-10","18800"
"한빛아카데미","수학이 외계어처럼 들리는 이공계생을 위한 제로 수학","김우섭(소동) 외 1명","2021-06-10","22000"
"한빛미디어","개발자에서 아키텍트로","마이클 킬링","2021-06-07","27000"
"한빛미디어","머신러닝을 활용한 웹 최적화","이쓰카 슈헤이","2021-06-07","34000"
"한빛아카데미","STEM CookBook, 이공계생을 위한 확률과 통계(2판)","안승철 외 2명","2021-06-07","25000"
